algorithm,regime,seed,condition_group,mean_return,success_rate,mean_distance_m
PPO,nominal,0,ID,1123.8973531988167,0.1,6.295696076035603
PPO,nominal,0,OOD,698.0346651415002,0.0625,3.770112884181876
PPO,nominal,1,ID,1539.769143681283,0.2222222222222222,8.569288724705256
PPO,nominal,1,OOD,611.7701155504353,0.0125,3.273053131411944
PPO,nominal,2,ID,1867.4162653264566,0.25555555555555554,10.547823333306017
PPO,nominal,2,OOD,796.6408760321214,0.01875,4.399314515316905
PPO,randomized,0,ID,1204.5632719676842,0.08888888888888889,6.664212690182515
PPO,randomized,0,OOD,710.8754497986985,0.0,3.8418438904396828
PPO,randomized,1,ID,3374.9669274133435,0.9888888888888889,19.037488143305712
PPO,randomized,1,OOD,1268.936166551877,0.24375,6.954490789987151
PPO,randomized,2,ID,1278.8532474368976,0.1111111111111111,7.310718007440723
PPO,randomized,2,OOD,938.852932609411,0.06875,5.266890771156038
SAC,nominal,0,ID,2157.9697495680534,0.5333333333333333,11.91138898606865
SAC,nominal,0,OOD,769.8071813989304,0.01875,4.113826822578735
SAC,nominal,1,ID,1590.3813044324336,0.3333333333333333,8.728588298214605
SAC,nominal,1,OOD,750.2475813052602,0.024999999999999998,4.025880414108687
SAC,nominal,2,ID,1131.2693325627047,0.1111111111111111,6.2275185774899695
SAC,nominal,2,OOD,478.53105106070024,0.0,2.4867656946297827
SAC,randomized,0,ID,1086.0482845577235,0.0,6.001928352404927
SAC,randomized,0,OOD,807.6514091015948,0.05,4.299122787319048
SAC,randomized,1,ID,1386.378046165368,0.2,7.695719578017438
SAC,randomized,1,OOD,803.4749013723782,0.075,4.292359012194863
SAC,randomized,2,ID,2257.9033289346585,0.5555555555555556,12.453778964563778
SAC,randomized,2,OOD,923.1823414207371,0.0875,4.937919424309346
